Names,Mail
LTD «Kazmeal»,mdt@ kazmeal.kz
«FPD» LLP,fpdllp@mail.ru
«Agrofirma TNK» LLP,almas1975@mail.ru
"Great Wall for Investment and Trading Co.,LTD",mayongsheng716@hotmail.com
SEEDONICS INVESTMENT CO.LTD,taha_sonsSS@hotmail.com
BOHAT PROJECT FOR AGRICULTURAL PRODUCTION ,taha_sonsSS@hotmail.com
ARCADIA TRADING AND INVESTMENT CO.LTD,adel.elgadi@gmail.com
DAL AGRICULUTERAL,zahir.rahama@dalgroup.com
GLB Agricultural Project - GLB Invest ,info@glbinvest.com
BILDAT AGRICULTURAL COMPANY LTD,hussein@bildat.com
MOB PROJECT FOR AGRICULTUREAL&LIVESTOCK PRODUCTION,info@moawiaelberier.com
Quala for Import & Export co.Ltd,sales@quala-trading.com
Quala for Import & Export co.Ltd,info@quala-trading.com
Ametza LLC,Phone: 1-760-791-6100
Wilbur-Ellis Company ,Phone: (415) 772-4000
Menezes Brothers Inc.,Mark@Menezesbrosinc.com
"Green Leaf Global, LLC",william.evans@greenleaf-global.com
Mountain Sunrise Feed LLC,info@mountainsunrisefeed.com
AlphaAlfa (Pty) Ltd,info@alphaalfa.co.za
Luc Agricultural (Pty) Ltd,dbedt.luc.web@hawaii.gov
Oranjerivier Boerdery (Pty) Ltd,Phone: +3223792940
Intabazwe Agri (Pty) Ltd-MAPSEZ Harrismith,ensign@ensignship.com
FPT Group (Pty) Ltd-Durban,dbn@fpt.co.za
"Quality Services &Warehousing ",info@qualitywarehousing.co.za
Hellmann Worldwide Logistics,DOK-Krakow@hellmann.com
Lillimex (Pty) Ltd,Phone: +27-218643158
Fresh Agritech (Pty) Ltd,info@agri-tech.co.za
National Pride (Pty) Ltd,sales@npride.co.za
C. Steinwegbridge (Pty) Ltd,agri@za.steinweg.com
Anchor Holdings 1983 (Pty) Ltd,info@anchor-holdings.co.za
Reid Innovations (Pty) Ltd,
Senzomix (Pty) Ltd,
AlphaAlfa (Pty) Ltd,
"Stone Wings II, LLC",Phone: +1 (509) 962-3331
Anderson Hay - WA,
"Border Valley Trading, LTD",
"Oregon Hay Products, Inc.",
"AI Dahra ACX, Inc",
"Agrex, Inc.",
Eckenberg Farms,sales@efarms.com
"Sage Hill Northwest, Inc.",info@sagehillnw.com
"Ward Rugh, Inc.",
"Wesco International, Inc.",
"Whitby Ag Enterprises, LLC",
"Zen-Noh Hay, Inc.",Phone: (509)545-8894
"No. 9 Hay, LLC",
Ag West International,
Standlee Hay Company,customerservice@standleeforage.com
"K&M Press, Inc.",sales@kandmpress.com
"El Toro Export, LLC",Phone: 760.352.4157
Wilbur-Ellis Company,
Eight Estar Commodities,
"Triple I Press, LLC",
Kuhn Hay,
HayKingdom Inc.,
Bailey Farms International,bbf@baileyhay.com
Maribo Enterprises,
"Sugarville Hay,LLC",info@buzzfile.com
McCornick Hay Co,
"Menezes Bros, Inc.",
GFI,
Haykingdom Washington Inc.,
Golden Eagle Hay Co,Phone (760) 348-2274
"Top-Hay,LLC",operation@tophayexport.com
"Gli-Co Hay, Inc.",service@gli-cohay.com
Blue Mountain Hay,customercare@bluemthay.com
"PSW Hay, LLC",Tel: 310-522-3800     
"Haasen Tara Feed, Inc.",Phone: +81 (0)90-7215-8708
"Driscoll TopHay, LLC",
"United Hay Press, Inc",PeterKim@unitedhaypress.com
Courtright Enterprises Inc.,Phone: +1 509-764-9600
Hajny Trading,mike@htrading.us
Stevens Hay Exports LLC,Phone: (509) 390-3036
Potential Industries Hay Division,sales@potentialhay.com
Eagle Tail Mountain Hay LLC,vicki@eagletailhay.com
FAA Export,
FCA Export,
Highland Hay LLC.,Dusty@highlandhay.org
